Monomer	Read_Name	Start_Position	End_Position	Identity	Match_Percentage	Is_Reverse
A_rc	chrX-v0_2702481_aligned_176_R_16656_26007_18473	0	136	21	56.00	True
L_rc	chrX-v0_2702481_aligned_176_R_16656_26007_18473	137	275	14	53.98	True
F	chrX-v0_2702481_aligned_176_R_16656_26007_18473	276	422	27	57.46	True
J_rc	chrX-v0_2702481_aligned_176_R_16656_26007_18473	423	573	26	56.99	True
F	chrX-v0_2702481_aligned_176_R_16656_26007_18473	574	735	28	57.29	True
F	chrX-v0_2702481_aligned_176_R_16656_26007_18473	736	903	24	56.06	True
I_rc	chrX-v0_2702481_aligned_176_R_16656_26007_18473	904	1049	25	56.76	True
I	chrX-v0_2702481_aligned_176_R_16656_26007_18473	1050	1189	18	54.79	True
E	chrX-v0_2702481_aligned_176_R_16656_26007_18473	1190	1322	15	54.19	True
K_rc	chrX-v0_2702481_aligned_176_R_16656_26007_18473	1323	1461	18	54.95	True
E	chrX-v0_2702481_aligned_176_R_16656_26007_18473	1462	1620	28	57.37	True
I_rc	chrX-v0_2702481_aligned_176_R_16656_26007_18473	1621	1784	27	56.99	True
E_rc	chrX-v0_2702481_aligned_176_R_16656_26007_18473	1785	1931	28	57.69	True
H_rc	chrX-v0_2702481_aligned_176_R_16656_26007_18473	1932	2094	23	56.02	True
I	chrX-v0_2702481_aligned_176_R_16656_26007_18473	2095	2269	36	59.30	True
I_rc	chrX-v0_2702481_aligned_176_R_16656_26007_18473	2270	2426	26	56.70	True
A	chrX-v0_2702481_aligned_176_R_16656_26007_18473	2427	2575	13	53.48	True
H	chrX-v0_2702481_aligned_176_R_16656_26007_18473	2576	2730	22	55.73	True
E	chrX-v0_2702481_aligned_176_R_16656_26007_18473	2731	2870	18	55.00	True
K_rc	chrX-v0_2702481_aligned_176_R_16656_26007_18473	2871	3006	26	57.30	True
B	chrX-v0_2702481_aligned_176_R_16656_26007_18473	3007	3146	22	56.02	True
D	chrX-v0_2702481_aligned_176_R_16656_26007_18473	3147	3290	27	57.30	True
J	chrX-v0_2702481_aligned_176_R_16656_26007_18473	3291	3445	18	54.74	True
H_rc	chrX-v0_2702481_aligned_176_R_16656_26007_18473	3446	3589	17	54.45	True
D	chrX-v0_2702481_aligned_176_R_16656_26007_18473	3590	3734	25	56.83	True
J	chrX-v0_2702481_aligned_176_R_16656_26007_18473	3735	3898	34	58.95	True
J_rc	chrX-v0_2702481_aligned_176_R_16656_26007_18473	3899	4062	21	55.33	True
Z_rc	chrX-v0_2702481_aligned_176_R_16656_26007_18473	4063	4221	25	56.54	True
I	chrX-v0_2702481_aligned_176_R_16656_26007_18473	4222	4390	26	56.63	True
H	chrX-v0_2702481_aligned_176_R_16656_26007_18473	4391	4530	21	55.80	True
I	chrX-v0_2702481_aligned_176_R_16656_26007_18473	4531	4689	24	56.25	True
E_rc	chrX-v0_2702481_aligned_176_R_16656_26007_18473	4690	4852	22	55.79	True
L	chrX-v0_2702481_aligned_176_R_16656_26007_18473	4853	5001	20	55.21	True
I	chrX-v0_2702481_aligned_176_R_16656_26007_18473	5002	5174	26	56.44	True
B_rc	chrX-v0_2702481_aligned_176_R_16656_26007_18473	5175	5326	20	54.95	True
D_rc	chrX-v0_2702481_aligned_176_R_16656_26007_18473	5327	5467	30	58.15	True
A	chrX-v0_2702481_aligned_176_R_16656_26007_18473	5468	5623	16	54.21	True
I	chrX-v0_2702481_aligned_176_R_16656_26007_18473	5624	5762	15	54.30	True
I_rc	chrX-v0_2702481_aligned_176_R_16656_26007_18473	5763	5937	30	57.50	True
J_rc	chrX-v0_2702481_aligned_176_R_16656_26007_18473	5938	6098	23	55.96	True
D_rc	chrX-v0_2702481_aligned_176_R_16656_26007_18473	6099	6260	19	54.97	True
J	chrX-v0_2702481_aligned_176_R_16656_26007_18473	6261	6431	17	54.15	True
J_rc	chrX-v0_2702481_aligned_176_R_16656_26007_18473	6432	6576	19	55.14	True
E	chrX-v0_2702481_aligned_176_R_16656_26007_18473	6577	6759	30	57.71	True
I	chrX-v0_2702481_aligned_176_R_16656_26007_18473	6760	6905	23	56.22	True
D_rc	chrX-v0_2702481_aligned_176_R_16656_26007_18473	6906	7078	32	58.00	True
B_rc	chrX-v0_2702481_aligned_176_R_16656_26007_18473	7079	7286	25	55.56	True
L_rc	chrX-v0_2702481_aligned_176_R_16656_26007_18473	7287	7435	33	58.82	True
I	chrX-v0_2702481_aligned_176_R_16656_26007_18473	7436	7568	16	54.40	True
D	chrX-v0_2702481_aligned_176_R_16656_26007_18473	7569	7712	11	52.94	True
J_rc	chrX-v0_2702481_aligned_176_R_16656_26007_18473	7713	7893	29	57.14	True
F	chrX-v0_2702481_aligned_176_R_16656_26007_18473	7894	8047	15	53.89	True
J_rc	chrX-v0_2702481_aligned_176_R_16656_26007_18473	8048	8191	24	56.52	True
H_rc	chrX-v0_2702481_aligned_176_R_16656_26007_18473	8192	8370	23	55.88	True
D	chrX-v0_2702481_aligned_176_R_16656_26007_18473	8371	8525	24	56.52	True
K_rc	chrX-v0_2702481_aligned_176_R_16656_26007_18473	8526	8683	32	58.25	True
I_rc	chrX-v0_2702481_aligned_176_R_16656_26007_18473	8684	8850	28	57.36	True
F	chrX-v0_2702481_aligned_176_R_16656_26007_18473	8851	9008	27	56.99	True
K_rc	chrX-v0_2702481_aligned_176_R_16656_26007_18473	9009	9173	19	54.87	True
L_rc	chrX-v0_2702481_aligned_176_R_16656_26007_18473	9174	9340	26	56.70	True
D	chrX-v0_2702481_aligned_176_R_16656_26007_18473	9341	9493	23	56.15	True
A_rc	chrX-v0_2702481_aligned_176_R_16656_26007_18473	9494	9661	21	55.50	True
D	chrX-v0_2702481_aligned_176_R_16656_26007_18473	9662	9818	18	54.69	True
F	chrX-v0_2702481_aligned_176_R_16656_26007_18473	9819	10007	34	58.02	True
D_rc	chrX-v0_2702481_aligned_176_R_16656_26007_18473	10008	10181	26	56.50	True
B_rc	chrX-v0_2702481_aligned_176_R_16656_26007_18473	10182	10380	32	57.34	True
B	chrX-v0_2702481_aligned_176_R_16656_26007_18473	10381	10558	26	56.07	True
E_rc	chrX-v0_2702481_aligned_176_R_16656_26007_18473	10559	10729	34	58.76	True
D	chrX-v0_2702481_aligned_176_R_16656_26007_18473	10730	10898	26	56.77	True
H	chrX-v0_2702481_aligned_176_R_16656_26007_18473	10899	11078	24	55.88	True
D	chrX-v0_2702481_aligned_176_R_16656_26007_18473	11079	11241	25	56.48	True
Z	chrX-v0_2702481_aligned_176_R_16656_26007_18473	11242	11413	26	56.72	True
F_rc	chrX-v0_2702481_aligned_176_R_16656_26007_18473	11414	11571	25	56.61	True
K	chrX-v0_2702481_aligned_176_R_16656_26007_18473	11572	11731	20	55.21	True
E_rc	chrX-v0_2702481_aligned_176_R_16656_26007_18473	11732	11874	22	56.50	True
F_rc	chrX-v0_2702481_aligned_176_R_16656_26007_18473	11875	12071	18	54.17	True
D	chrX-v0_2702481_aligned_176_R_16656_26007_18473	12072	12228	28	57.53	True
J_rc	chrX-v0_2702481_aligned_176_R_16656_26007_18473	12229	12372	21	55.61	True
I_rc	chrX-v0_2702481_aligned_176_R_16656_26007_18473	12373	12538	28	57.29	True
A_rc	chrX-v0_2702481_aligned_176_R_16656_26007_18473	12539	12714	27	56.78	True
J_rc	chrX-v0_2702481_aligned_176_R_16656_26007_18473	12715	12887	22	55.56	True
L_rc	chrX-v0_2702481_aligned_176_R_16656_26007_18473	12888	13051	33	59.04	True
K_rc	chrX-v0_2702481_aligned_176_R_16656_26007_18473	13052	13211	15	53.89	True
F_rc	chrX-v0_2702481_aligned_176_R_16656_26007_18473	13212	13392	22	55.24	True
K	chrX-v0_2702481_aligned_176_R_16656_26007_18473	13393	13538	25	56.76	True
D	chrX-v0_2702481_aligned_176_R_16656_26007_18473	13539	13704	22	55.78	True
D_rc	chrX-v0_2702481_aligned_176_R_16656_26007_18473	13705	13885	24	55.94	True
E_rc	chrX-v0_2702481_aligned_176_R_16656_26007_18473	13886	14055	25	56.48	True
F	chrX-v0_2702481_aligned_176_R_16656_26007_18473	14056	14211	32	58.42	True
K_rc	chrX-v0_2702481_aligned_176_R_16656_26007_18473	14212	14360	25	56.99	True
F_rc	chrX-v0_2702481_aligned_176_R_16656_26007_18473	14361	14540	28	56.93	True
J	chrX-v0_2702481_aligned_176_R_16656_26007_18473	14541	14713	23	56.06	True
F	chrX-v0_2702481_aligned_176_R_16656_26007_18473	14714	14878	28	57.14	True
F_rc	chrX-v0_2702481_aligned_176_R_16656_26007_18473	14879	15042	19	55.50	True
B	chrX-v0_2702481_aligned_176_R_16656_26007_18473	15043	15233	31	57.48	True
I	chrX-v0_2702481_aligned_176_R_16656_26007_18473	15234	15391	18	54.69	True
G	chrX-v0_2702481_aligned_176_R_16656_26007_18473	15392	15553	32	58.64	True
F_rc	chrX-v0_2702481_aligned_176_R_16656_26007_18473	15554	15699	18	55.08	True
C	chrX-v0_2702481_aligned_176_R_16656_26007_18473	15700	15884	30	57.43	True
K_rc	chrX-v0_2702481_aligned_176_R_16656_26007_18473	15885	16077	29	56.94	True
D	chrX-v0_2702481_aligned_176_R_16656_26007_18473	16078	16260	18	54.29	True
E	chrX-v0_2702481_aligned_176_R_16656_26007_18473	16261	16425	26	56.92	True
D_rc	chrX-v0_2702481_aligned_176_R_16656_26007_18473	16426	16567	17	54.64	True
F_rc	chrX-v0_2702481_aligned_176_R_16656_26007_18473	16568	16737	75	70.05	True
E_rc	chrX-v0_2702481_aligned_176_R_16656_26007_18473	16738	16908	138	88.76	True
D_rc	chrX-v0_2702481_aligned_176_R_16656_26007_18473	16909	17082	153	93.71	True
C_rc	chrX-v0_2702481_aligned_176_R_16656_26007_18473	17083	17250	151	93.14	True
B_rc	chrX-v0_2702481_aligned_176_R_16656_26007_18473	17251	17427	155	91.44	True
A_rc	chrX-v0_2702481_aligned_176_R_16656_26007_18473	17428	17592	148	93.02	True
L_rc	chrX-v0_2702481_aligned_176_R_16656_26007_18473	17593	17755	142	91.76	True
K_rc	chrX-v0_2702481_aligned_176_R_16656_26007_18473	17756	17922	137	89.14	True
J_rc	chrX-v0_2702481_aligned_176_R_16656_26007_18473	17923	18087	147	93.53	True
I_rc	chrX-v0_2702481_aligned_176_R_16656_26007_18473	18088	18257	163	97.66	True
H_rc	chrX-v0_2702481_aligned_176_R_16656_26007_18473	18258	18427	153	94.22	True
G_rc	chrX-v0_2702481_aligned_176_R_16656_26007_18473	18428	18599	153	93.71	True
F_rc	chrX-v0_2702481_aligned_176_R_16656_26007_18473	18600	18769	147	92.00	True
E_rc	chrX-v0_2702481_aligned_176_R_16656_26007_18473	18770	18940	153	94.22	True
D_rc	chrX-v0_2702481_aligned_176_R_16656_26007_18473	18941	19110	147	92.00	True
C_rc	chrX-v0_2702481_aligned_176_R_16656_26007_18473	19111	19288	139	87.98	True
B_rc	chrX-v0_2702481_aligned_176_R_16656_26007_18473	19289	19478	123	81.22	True
A_rc	chrX-v0_2702481_aligned_176_R_16656_26007_18473	19479	19654	147	90.61	True
L_rc	chrX-v0_2702481_aligned_176_R_16656_26007_18473	19655	19822	156	95.88	True
K_rc	chrX-v0_2702481_aligned_176_R_16656_26007_18473	19823	19992	150	93.60	True
J_rc	chrX-v0_2702481_aligned_176_R_16656_26007_18473	19993	20161	138	89.66	True
I_rc	chrX-v0_2702481_aligned_176_R_16656_26007_18473	20162	20330	149	93.06	True
H_rc	chrX-v0_2702481_aligned_176_R_16656_26007_18473	20331	20501	139	89.27	True
G_rc	chrX-v0_2702481_aligned_176_R_16656_26007_18473	20502	20659	105	79.66	True
F_rc	chrX-v0_2702481_aligned_176_R_16656_26007_18473	20660	20831	143	90.40	True
E_rc	chrX-v0_2702481_aligned_176_R_16656_26007_18473	20832	20998	144	91.86	True
D_rc	chrX-v0_2702481_aligned_176_R_16656_26007_18473	20999	21159	120	84.09	True
C_rc	chrX-v0_2702481_aligned_176_R_16656_26007_18473	21160	21326	146	92.44	True
B_rc	chrX-v0_2702481_aligned_176_R_16656_26007_18473	21327	21514	153	89.64	True
A_rc	chrX-v0_2702481_aligned_176_R_16656_26007_18473	21515	21678	147	92.49	True
L_rc	chrX-v0_2702481_aligned_176_R_16656_26007_18473	21679	21841	146	92.94	True
K_rc	chrX-v0_2702481_aligned_176_R_16656_26007_18473	21842	22009	148	92.53	True
J_rc	chrX-v0_2702481_aligned_176_R_16656_26007_18473	22010	22175	156	96.43	True
I_rc	chrX-v0_2702481_aligned_176_R_16656_26007_18473	22176	22347	147	91.53	True
H_rc	chrX-v0_2702481_aligned_176_R_16656_26007_18473	22348	22523	148	91.11	True
G_rc	chrX-v0_2702481_aligned_176_R_16656_26007_18473	22524	22697	137	88.27	True
F_rc	chrX-v0_2702481_aligned_176_R_16656_26007_18473	22698	22865	141	90.29	True
E_rc	chrX-v0_2702481_aligned_176_R_16656_26007_18473	22866	23031	158	97.02	True
D_rc	chrX-v0_2702481_aligned_176_R_16656_26007_18473	23032	23201	140	89.77	True
C_rc	chrX-v0_2702481_aligned_176_R_16656_26007_18473	23202	23372	141	89.83	True
B_rc	chrX-v0_2702481_aligned_176_R_16656_26007_18473	23373	23560	151	89.12	True
A_rc	chrX-v0_2702481_aligned_176_R_16656_26007_18473	23561	23730	154	94.25	True
L_rc	chrX-v0_2702481_aligned_176_R_16656_26007_18473	23731	23892	131	87.86	True
K_rc	chrX-v0_2702481_aligned_176_R_16656_26007_18473	23893	24057	134	88.51	True
J_rc	chrX-v0_2702481_aligned_176_R_16656_26007_18473	24058	24225	129	86.86	True
I_rc	chrX-v0_2702481_aligned_176_R_16656_26007_18473	24226	24396	161	97.08	True
H_rc	chrX-v0_2702481_aligned_176_R_16656_26007_18473	24397	24568	157	94.86	True
G_rc	chrX-v0_2702481_aligned_176_R_16656_26007_18473	24569	24738	149	93.06	True
F_rc	chrX-v0_2702481_aligned_176_R_16656_26007_18473	24739	24911	152	93.18	True
E_rc	chrX-v0_2702481_aligned_176_R_16656_26007_18473	24912	25070	121	84.97	True
D_rc	chrX-v0_2702481_aligned_176_R_16656_26007_18473	25071	25228	125	86.13	True
C_rc	chrX-v0_2702481_aligned_176_R_16656_26007_18473	25229	25399	159	95.95	True
B_rc	chrX-v0_2702481_aligned_176_R_16656_26007_18473	25400	25570	137	86.63	True
A_rc	chrX-v0_2702481_aligned_176_R_16656_26007_18473	25571	25729	134	88.95	True
L_rc	chrX-v0_2702481_aligned_176_R_16656_26007_18473	25730	25905	117	81.28	True
K_rc	chrX-v0_2702481_aligned_176_R_16656_26007_18473	25906	26070	138	89.66	True
J_rc	chrX-v0_2702481_aligned_176_R_16656_26007_18473	26071	26238	141	90.75	True
I_rc	chrX-v0_2702481_aligned_176_R_16656_26007_18473	26239	26405	153	94.74	True
H_rc	chrX-v0_2702481_aligned_176_R_16656_26007_18473	26406	26571	135	88.57	True
G_rc	chrX-v0_2702481_aligned_176_R_16656_26007_18473	26572	26753	146	89.67	True
F_rc	chrX-v0_2702481_aligned_176_R_16656_26007_18473	26754	26927	141	89.83	True
E_rc	chrX-v0_2702481_aligned_176_R_16656_26007_18473	26928	27093	156	95.88	True
D_rc	chrX-v0_2702481_aligned_176_R_16656_26007_18473	27094	27248	131	88.30	True
C_rc	chrX-v0_2702481_aligned_176_R_16656_26007_18473	27249	27418	156	95.35	True
B_rc	chrX-v0_2702481_aligned_176_R_16656_26007_18473	27419	27605	158	91.15	True
A_rc	chrX-v0_2702481_aligned_176_R_16656_26007_18473	27606	27767	126	85.80	True
L_rc	chrX-v0_2702481_aligned_176_R_16656_26007_18473	27768	27929	147	93.49	True
K_rc	chrX-v0_2702481_aligned_176_R_16656_26007_18473	27930	28097	147	92.49	True
J_rc	chrX-v0_2702481_aligned_176_R_16656_26007_18473	28098	28255	131	88.76	True
I_rc	chrX-v0_2702481_aligned_176_R_16656_26007_18473	28256	28428	139	88.83	True
H_rc	chrX-v0_2702481_aligned_176_R_16656_26007_18473	28429	28592	148	93.02	True
G_rc	chrX-v0_2702481_aligned_176_R_16656_26007_18473	28593	28768	156	93.82	True
F_rc	chrX-v0_2702481_aligned_176_R_16656_26007_18473	28769	28937	136	88.64	True
E_rc	chrX-v0_2702481_aligned_176_R_16656_26007_18473	28938	29104	145	92.40	True
D_rc	chrX-v0_2702481_aligned_176_R_16656_26007_18473	29105	29270	150	94.12	True
C_rc	chrX-v0_2702481_aligned_176_R_16656_26007_18473	29271	29441	148	92.05	True
B_rc	chrX-v0_2702481_aligned_176_R_16656_26007_18473	29442	29617	148	88.95	True
A_rc	chrX-v0_2702481_aligned_176_R_16656_26007_18473	29618	29786	146	91.95	True
L_rc	chrX-v0_2702481_aligned_176_R_16656_26007_18473	29787	29959	146	91.48	True
K_rc	chrX-v0_2702481_aligned_176_R_16656_26007_18473	29960	30124	142	91.28	True
J_rc	chrX-v0_2702481_aligned_176_R_16656_26007_18473	30125	30294	151	93.64	True
I_rc	chrX-v0_2702481_aligned_176_R_16656_26007_18473	30295	30463	156	95.88	True
H_rc	chrX-v0_2702481_aligned_176_R_16656_26007_18473	30464	30629	143	90.86	True
G_rc	chrX-v0_2702481_aligned_176_R_16656_26007_18473	30630	30799	165	98.25	True
F_rc	chrX-v0_2702481_aligned_176_R_16656_26007_18473	30800	30971	143	90.86	True
E_rc	chrX-v0_2702481_aligned_176_R_16656_26007_18473	30972	31136	149	93.57	True
D_rc	chrX-v0_2702481_aligned_176_R_16656_26007_18473	31137	31306	157	95.38	True
C_rc	chrX-v0_2702481_aligned_176_R_16656_26007_18473	31307	31470	142	90.80	True
B_rc	chrX-v0_2702481_aligned_176_R_16656_26007_18473	31471	31658	128	82.32	True
A_rc	chrX-v0_2702481_aligned_176_R_16656_26007_18473	31659	31824	157	95.91	True
L_rc	chrX-v0_2702481_aligned_176_R_16656_26007_18473	31825	31988	144	91.86	True
K_rc	chrX-v0_2702481_aligned_176_R_16656_26007_18473	31989	32154	125	84.92	True
J_rc	chrX-v0_2702481_aligned_176_R_16656_26007_18473	32155	32323	137	88.70	True
I_rc	chrX-v0_2702481_aligned_176_R_16656_26007_18473	32324	32488	152	94.19	True
H_rc	chrX-v0_2702481_aligned_176_R_16656_26007_18473	32489	32657	157	95.38	True
G_rc	chrX-v0_2702481_aligned_176_R_16656_26007_18473	32658	32818	140	90.70	True
F_rc	chrX-v0_2702481_aligned_176_R_16656_26007_18473	32819	32990	163	97.11	True
E_rc	chrX-v0_2702481_aligned_176_R_16656_26007_18473	32991	33157	112	81.46	True
D_rc	chrX-v0_2702481_aligned_176_R_16656_26007_18473	33158	33324	153	94.74	True
C_rc	chrX-v0_2702481_aligned_176_R_16656_26007_18473	33325	33497	133	87.15	True
B_rc	chrX-v0_2702481_aligned_176_R_16656_26007_18473	33498	33662	123	82.20	True
A_rc	chrX-v0_2702481_aligned_176_R_16656_26007_18473	33663	33840	146	90.11	True
L_rc	chrX-v0_2702481_aligned_176_R_16656_26007_18473	33841	34017	141	89.39	True
K_rc	chrX-v0_2702481_aligned_176_R_16656_26007_18473	34018	34190	135	87.71	True
J_rc	chrX-v0_2702481_aligned_176_R_16656_26007_18473	34191	34354	149	94.08	True
I_rc	chrX-v0_2702481_aligned_176_R_16656_26007_18473	34355	34527	140	88.89	True
H_rc	chrX-v0_2702481_aligned_176_R_16656_26007_18473	34528	34692	156	95.35	True
G_rc	chrX-v0_2702481_aligned_176_R_16656_26007_18473	34693	34865	150	92.61	True
F_rc	chrX-v0_2702481_aligned_176_R_16656_26007_18473	34866	35027	139	90.17	True
E_rc	chrX-v0_2702481_aligned_176_R_16656_26007_18473	35028	35188	143	91.81	True
D_rc	chrX-v0_2702481_aligned_176_R_16656_26007_18473	35189	35344	132	88.82	True
C_rc	chrX-v0_2702481_aligned_176_R_16656_26007_18473	35345	35515	158	95.40	True
B_rc	chrX-v0_2702481_aligned_176_R_16656_26007_18473	35516	35700	170	95.21	True
A_rc	chrX-v0_2702481_aligned_176_R_16656_26007_18473	35701	35866	141	90.29	True
L_rc	chrX-v0_2702481_aligned_176_R_16656_26007_18473	35867	36034	146	91.95	True
K_rc	chrX-v0_2702481_aligned_176_R_16656_26007_18473	36035	36209	151	93.14	True
J_rc	chrX-v0_2702481_aligned_176_R_16656_26007_18473	36210	36367	126	86.63	True
I_rc	chrX-v0_2702481_aligned_176_R_16656_26007_18473	36368	36532	132	87.50	True
H_rc	chrX-v0_2702481_aligned_176_R_16656_26007_18473	36533	36697	152	94.19	True
G_rc	chrX-v0_2702481_aligned_176_R_16656_26007_18473	36698	36866	162	97.09	True
F_rc	chrX-v0_2702481_aligned_176_R_16656_26007_18473	36867	37032	150	93.60	True
E_rc	chrX-v0_2702481_aligned_176_R_16656_26007_18473	37033	37199	144	91.86	True
D_rc	chrX-v0_2702481_aligned_176_R_16656_26007_18473	37200	37368	149	92.57	True
C_rc	chrX-v0_2702481_aligned_176_R_16656_26007_18473	37369	37546	156	93.82	True
B_rc	chrX-v0_2702481_aligned_176_R_16656_26007_18473	37547	37732	172	95.74	True
A_rc	chrX-v0_2702481_aligned_176_R_16656_26007_18473	37733	37907	144	90.50	True
L_rc	chrX-v0_2702481_aligned_176_R_16656_26007_18473	37908	38075	141	90.75	True
K_rc	chrX-v0_2702481_aligned_176_R_16656_26007_18473	38076	38250	153	93.71	True
J_rc	chrX-v0_2702481_aligned_176_R_16656_26007_18473	38251	38419	134	88.51	True
I_rc	chrX-v0_2702481_aligned_176_R_16656_26007_18473	38420	38587	137	89.14	True
H_rc	chrX-v0_2702481_aligned_176_R_16656_26007_18473	38588	38749	118	83.15	True
G_rc	chrX-v0_2702481_aligned_176_R_16656_26007_18473	38750	38922	155	94.29	True
F_rc	chrX-v0_2702481_aligned_176_R_16656_26007_18473	38923	39097	145	90.96	True
E_rc	chrX-v0_2702481_aligned_176_R_16656_26007_18473	39098	39270	141	89.83	True
D_rc	chrX-v0_2702481_aligned_176_R_16656_26007_18473	39271	39438	140	90.23	True
C_rc	chrX-v0_2702481_aligned_176_R_16656_26007_18473	39439	39606	155	95.32	True
B_rc	chrX-v0_2702481_aligned_176_R_16656_26007_18473	39607	39796	149	88.60	True
A_rc	chrX-v0_2702481_aligned_176_R_16656_26007_18473	39797	39963	153	94.22	True
L_rc	chrX-v0_2702481_aligned_176_R_16656_26007_18473	39964	40140	146	91.01	True
K_rc	chrX-v0_2702481_aligned_176_R_16656_26007_18473	40141	40306	142	90.80	True
J_rc	chrX-v0_2702481_aligned_176_R_16656_26007_18473	40307	40479	150	92.61	True
I_rc	chrX-v0_2702481_aligned_176_R_16656_26007_18473	40480	40645	127	85.47	True
H_rc	chrX-v0_2702481_aligned_176_R_16656_26007_18473	40646	40814	155	94.29	True
G_rc	chrX-v0_2702481_aligned_176_R_16656_26007_18473	40815	40981	149	93.57	True
F_rc	chrX-v0_2702481_aligned_176_R_16656_26007_18473	40982	41149	161	97.08	True
E_rc	chrX-v0_2702481_aligned_176_R_16656_26007_18473	41150	41311	140	91.18	True
D_rc	chrX-v0_2702481_aligned_176_R_16656_26007_18473	41312	41481	144	91.38	True
C_rc	chrX-v0_2702481_aligned_176_R_16656_26007_18473	41482	41651	146	91.95	True
B_rc	chrX-v0_2702481_aligned_176_R_16656_26007_18473	41652	41835	146	87.63	True
A_rc	chrX-v0_2702481_aligned_176_R_16656_26007_18473	41836	42002	161	97.08	True
L_rc	chrX-v0_2702481_aligned_176_R_16656_26007_18473	42003	42173	131	86.59	True
K_rc	chrX-v0_2702481_aligned_176_R_16656_26007_18473	42174	42343	144	91.38	True
J_rc	chrX-v0_2702481_aligned_176_R_16656_26007_18473	42344	42498	38	60.22	True
F_rc	chrX-v0_2702481_aligned_176_R_16656_26007_18473	42499	42687	21	54.88	True
E	chrX-v0_2702481_aligned_176_R_16656_26007_18473	42688	42837	16	54.30	True
Z	chrX-v0_2702481_aligned_176_R_16656_26007_18473	42838	43050	29	56.39	True
J_rc	chrX-v0_2702481_aligned_176_R_16656_26007_18473	43051	43206	25	56.41	True
C_rc	chrX-v0_2702481_aligned_176_R_16656_26007_18473	43207	43393	28	56.73	True
K	chrX-v0_2702481_aligned_176_R_16656_26007_18473	43394	43542	18	54.89	True
K_rc	chrX-v0_2702481_aligned_176_R_16656_26007_18473	43543	43711	25	56.70	True
H_rc	chrX-v0_2702481_aligned_176_R_16656_26007_18473	43712	43886	24	55.88	True
C_rc	chrX-v0_2702481_aligned_176_R_16656_26007_18473	43887	44084	22	55.14	True
Z_rc	chrX-v0_2702481_aligned_176_R_16656_26007_18473	44085	44262	37	59.20	True
J	chrX-v0_2702481_aligned_176_R_16656_26007_18473	44263	44431	18	54.87	True
D_rc	chrX-v0_2702481_aligned_176_R_16656_26007_18473	44432	44603	26	56.57	True
F_rc	chrX-v0_2702481_aligned_176_R_16656_26007_18473	44604	44779	29	57.36	True
I_rc	chrX-v0_2702481_aligned_176_R_16656_26007_18473	44780	44933	28	57.69	True
I_rc	chrX-v0_2702481_aligned_176_R_16656_26007_18473	44934	45105	30	57.50	True
D_rc	chrX-v0_2702481_aligned_176_R_16656_26007_18473	45106	45275	16	54.08	True
D_rc	chrX-v0_2702481_aligned_176_R_16656_26007_18473	45276	45430	36	59.78	True
F	chrX-v0_2702481_aligned_176_R_16656_26007_18473	45431	45584	21	55.61	True
E_rc	chrX-v0_2702481_aligned_176_R_16656_26007_18473	45585	45737	23	56.22	True
H_rc	chrX-v0_2702481_aligned_176_R_16656_26007_18473	45738	45911	24	56.00	True
F	chrX-v0_2702481_aligned_176_R_16656_26007_18473	45912	46083	22	55.45	True
F_rc	chrX-v0_2702481_aligned_176_R_16656_26007_18473	46084	46286	26	55.70	True
F_rc	chrX-v0_2702481_aligned_176_R_16656_26007_18473	46287	46456	26	56.37	True
C_rc	chrX-v0_2702481_aligned_176_R_16656_26007_18473	46457	46604	28	57.53	True
Z_rc	chrX-v0_2702481_aligned_176_R_16656_26007_18473	46605	46757	18	54.74	True
F	chrX-v0_2702481_aligned_176_R_16656_26007_18473	46758	46932	35	59.09	True
C_rc	chrX-v0_2702481_aligned_176_R_16656_26007_18473	46933	47082	17	54.55	True
K_rc	chrX-v0_2702481_aligned_176_R_16656_26007_18473	47083	47217	12	53.26	True
F_rc	chrX-v0_2702481_aligned_176_R_16656_26007_18473	47218	47371	30	57.73	True
K	chrX-v0_2702481_aligned_176_R_16656_26007_18473	47372	47526	16	54.17	True
J_rc	chrX-v0_2702481_aligned_176_R_16656_26007_18473	47527	47692	17	54.69	True
B	chrX-v0_2702481_aligned_176_R_16656_26007_18473	47693	47860	30	57.35	True
F_rc	chrX-v0_2702481_aligned_176_R_16656_26007_18473	47861	48018	12	53.19	True
F_rc	chrX-v0_2702481_aligned_176_R_16656_26007_18473	48019	48180	27	57.07	True
K_rc	chrX-v0_2702481_aligned_176_R_16656_26007_18473	48181	48357	33	58.38	True
H	chrX-v0_2702481_aligned_176_R_16656_26007_18473	48358	48525	26	56.63	True
L_rc	chrX-v0_2702481_aligned_176_R_16656_26007_18473	48526	48664	11	53.04	True
A	chrX-v0_2702481_aligned_176_R_16656_26007_18473	48665	48819	13	53.40	True
C	chrX-v0_2702481_aligned_176_R_16656_26007_18473	48820	48983	30	57.73	True
J_rc	chrX-v0_2702481_aligned_176_R_16656_26007_18473	48984	49144	17	54.27	True
F_rc	chrX-v0_2702481_aligned_176_R_16656_26007_18473	49145	49300	29	57.84	True
A	chrX-v0_2702481_aligned_176_R_16656_26007_18473	49301	49467	25	56.57	True
H_rc	chrX-v0_2702481_aligned_176_R_16656_26007_18473	49468	49632	23	55.78	True
F_rc	chrX-v0_2702481_aligned_176_R_16656_26007_18473	49633	49783	30	57.89	True
Z_rc	chrX-v0_2702481_aligned_176_R_16656_26007_18473	49784	49974	24	55.50	True
L_rc	chrX-v0_2702481_aligned_176_R_16656_26007_18473	49975	50135	26	56.84	True
D	chrX-v0_2702481_aligned_176_R_16656_26007_18473	50136	50298	36	59.28	True
E	chrX-v0_2702481_aligned_176_R_16656_26007_18473	50299	50450	21	55.68	True
B	chrX-v0_2702481_aligned_176_R_16656_26007_18473	50451	50603	14	53.54	True
D_rc	chrX-v0_2702481_aligned_176_R_16656_26007_18473	50604	50740	28	57.78	True
D	chrX-v0_2702481_aligned_176_R_16656_26007_18473	50741	50920	21	55.12	True
I_rc	chrX-v0_2702481_aligned_176_R_16656_26007_18473	50921	51083	21	55.56	True
J	chrX-v0_2702481_aligned_176_R_16656_26007_18473	51084	51249	23	56.02	True
Z_rc	chrX-v0_2702481_aligned_176_R_16656_26007_18473	51250	51444	34	57.94	True
H_rc	chrX-v0_2702481_aligned_176_R_16656_26007_18473	51445	51586	19	55.19	True
E	chrX-v0_2702481_aligned_176_R_16656_26007_18473	51587	51735	23	56.28	True
D_rc	chrX-v0_2702481_aligned_176_R_16656_26007_18473	51736	51878	17	54.55	True
F	chrX-v0_2702481_aligned_176_R_16656_26007_18473	51879	52030	26	57.14	True
H_rc	chrX-v0_2702481_aligned_176_R_16656_26007_18473	52031	52169	11	53.04	True
E	chrX-v0_2702481_aligned_176_R_16656_26007_18473	52170	52321	23	56.02	True
D	chrX-v0_2702481_aligned_176_R_16656_26007_18473	52322	52496	31	57.56	True
E	chrX-v0_2702481_aligned_176_R_16656_26007_18473	52497	52657	21	55.44	True
A	chrX-v0_2702481_aligned_176_R_16656_26007_18473	52658	52819	26	56.77	True
D_rc	chrX-v0_2702481_aligned_176_R_16656_26007_18473	52820	52977	31	58.29	True
J	chrX-v0_2702481_aligned_176_R_16656_26007_18473	52978	53130	20	55.32	True
A	chrX-v0_2702481_aligned_176_R_16656_26007_18473	53131	53249	15	54.24	True
F_rc	chrX-v0_2702481_aligned_176_R_16656_26007_18473	53250	53420	25	56.63	True
I	chrX-v0_2702481_aligned_176_R_16656_26007_18473	53421	53576	21	55.68	True
I	chrX-v0_2702481_aligned_176_R_16656_26007_18473	53577	53742	25	56.35	True
Z	chrX-v0_2702481_aligned_176_R_16656_26007_18473	53743	53924	27	56.72	True
J	chrX-v0_2702481_aligned_176_R_16656_26007_18473	53925	54082	27	57.53	True
D	chrX-v0_2702481_aligned_176_R_16656_26007_18473	54083	54229	18	54.89	True
I_rc	chrX-v0_2702481_aligned_176_R_16656_26007_18473	54230	54367	26	57.22	True
D	chrX-v0_2702481_aligned_176_R_16656_26007_18473	54368	54539	24	56.00	True
J_rc	chrX-v0_2702481_aligned_176_R_16656_26007_18473	54540	54674	23	56.35	True
D	chrX-v0_2702481_aligned_176_R_16656_26007_18473	54675	54810	12	53.33	True
C_rc	chrX-v0_2702481_aligned_176_R_16656_26007_18473	54811	54975	41	60.51	True
D	chrX-v0_2702481_aligned_176_R_16656_26007_18473	54976	55119	19	55.19	True
J	chrX-v0_2702481_aligned_176_R_16656_26007_18473	55120	55273	24	56.52	True
D_rc	chrX-v0_2702481_aligned_176_R_16656_26007_18473	55274	55429	19	54.77	True
H	chrX-v0_2702481_aligned_176_R_16656_26007_18473	55430	55592	23	55.84	True
F_rc	chrX-v0_2702481_aligned_176_R_16656_26007_18473	55593	55743	24	56.76	True
D	chrX-v0_2702481_aligned_176_R_16656_26007_18473	55744	55899	31	58.20	True
D_rc	chrX-v0_2702481_aligned_176_R_16656_26007_18473	55900	56082	24	55.71	True
I	chrX-v0_2702481_aligned_176_R_16656_26007_18473	56083	56221	22	56.04	True
C_rc	chrX-v0_2702481_aligned_176_R_16656_26007_18473	56222	56375	23	56.45	True
F	chrX-v0_2702481_aligned_176_R_16656_26007_18473	56376	56558	20	54.98	True
J_rc	chrX-v0_2702481_aligned_176_R_16656_26007_18473	56559	56730	30	57.64	True
D	chrX-v0_2702481_aligned_176_R_16656_26007_18473	56731	56884	19	55.03	True
I	chrX-v0_2702481_aligned_176_R_16656_26007_18473	56885	57059	24	55.94	True
D	chrX-v0_2702481_aligned_176_R_16656_26007_18473	57060	57216	33	58.82	True
K_rc	chrX-v0_2702481_aligned_176_R_16656_26007_18473	57217	57377	22	55.85	True
Z_rc	chrX-v0_2702481_aligned_176_R_16656_26007_18473	57378	57503	11	53.11	True
I_rc	chrX-v0_2702481_aligned_176_R_16656_26007_18473	57504	57645	26	56.99	True
H	chrX-v0_2702481_aligned_176_R_16656_26007_18473	57646	57785	17	54.79	True
D	chrX-v0_2702481_aligned_176_R_16656_26007_18473	57786	57941	24	56.68	True
F_rc	chrX-v0_2702481_aligned_176_R_16656_26007_18473	57942	58092	21	56.22	True
D_rc	chrX-v0_2702481_aligned_176_R_16656_26007_18473	58093	58253	22	55.56	True
J_rc	chrX-v0_2702481_aligned_176_R_16656_26007_18473	58254	58408	20	55.21	True
D_rc	chrX-v0_2702481_aligned_176_R_16656_26007_18473	58409	58571	24	56.19	True
D_rc	chrX-v0_2702481_aligned_176_R_16656_26007_18473	58572	58717	22	55.85	True
F	chrX-v0_2702481_aligned_176_R_16656_26007_18473	58718	58887	26	56.85	True
E_rc	chrX-v0_2702481_aligned_176_R_16656_26007_18473	58888	59069	26	56.31	True
I_rc	chrX-v0_2702481_aligned_176_R_16656_26007_18473	59070	59249	25	56.10	True
E	chrX-v0_2702481_aligned_176_R_16656_26007_18473	59250	59386	26	57.30	True
E	chrX-v0_2702481_aligned_176_R_16656_26007_18473	59387	59549	27	57.14	True
F_rc	chrX-v0_2702481_aligned_176_R_16656_26007_18473	59550	59711	15	53.89	True
Z	chrX-v0_2702481_aligned_176_R_16656_26007_18473	59712	59881	35	59.16	True
D_rc	chrX-v0_2702481_aligned_176_R_16656_26007_18473	59882	60045	23	55.96	True
K_rc	chrX-v0_2702481_aligned_176_R_16656_26007_18473	60046	60229	21	55.02	True
K_rc	chrX-v0_2702481_aligned_176_R_16656_26007_18473	60230	60399	40	60.00	True
I_rc	chrX-v0_2702481_aligned_176_R_16656_26007_18473	60400	60538	19	55.08	True
K_rc	chrX-v0_2702481_aligned_176_R_16656_26007_18473	60539	60677	18	54.84	True
H	chrX-v0_2702481_aligned_176_R_16656_26007_18473	60678	60844	25	56.54	True
